{
  "$schema": "https://developer.microsoft.com/json-schemas/spfx/client-side-web-part-manifest.schema.json",
  "id": "074762fa-48a7-4a3e-bf3c-2b9f60b09d62",
  "alias": "ReactWebpartDemoWebPart",
  "componentType": "WebPart",

  "version": "*",
  "manifestVersion": 2,

  "requiresCustomScript": false,
  "supportedHosts": ["SharePointWebPart"],

  "preconfiguredEntries": [{
    "groupId": "5c03119e-3074-46fd-976b-c60198311f70",
    "group": { "default": "Other" },
    "title": { "default": "React Webpart Demo" },
    "description": { "default": "React Webpart Demo description" },
    "officeFabricIconFontName": "Page",
    "properties": {
      "description": "React Webpart Demo"
    }
  }]
}
